{"n": 2, "m": 2, "neurons": 3, "weight1": [[0.17186747616823994, 0.015782098865930072, 0.21578377648419456], [0.09407219184864912, -0.09065284710352017, 0.3731642231841479], [0.3609824304672138, -0.44422235229532414, 0.31631412169870954], [0.3929279721445782, -0.6222915383952718, 0.2505583538717715], [0.013196968963663736, 0.013896027199093997, 0.2625858913145733], [-0.861087185694601, -0.6748497850602253, 0.3175264732288219], [-0.32282091909339417, 0.9273530499377822, 0.9204194376456936], [-0.4605729076671443, -0.39730356877372364, 0.23433914113711363], [0.31710761931410714, 0.23259135482354165, -0.3831608537915514], [0.24370462072520382, -0.6912028479642323, -0.016175874081815644], [-0.5388132681651545, -0.5378730161053555, -0.340597726746527], [0.4065872758632352, -0.7303121657286595, -0.4238491103521984]], "weight2": [[0.0736119007733591, 0.5298413081803917, -0.6876879708381585, -0.2559332892669317, 0.48467417082492825, -0.1319290948768601, -0.5052466779511164, 0.06042260280788714, 0.7212431320478314, -0.8792614227684885, 0.8127373232183588, -0.3686518170048554], [-0.8496226897908854, 0.7928285170977238, 0.8859436291106599, 0.5233352078423283, 0.5480622575647784, 0.2269833386867679, 0.3990664852098915, 0.5300090466294132, -0.4660565829912555, 0.16800604102343164, 0.10260327192130414, -0.9152204090781189], [-0.9128167576961432, -0.32541177264908305, 0.0658702519786023, -0.16633923717900911, 0.6487752603226578, 0.716408809537354, -0.4180967726791043, 0.18484267145386513, 0.5190819460906719, -0.16899160334524743, -0.972056206440056, 0.0058874097468333275]]}