{"n": 2, "m": 2, "neurons": 3, "weight1": [[-1.1674869639690706, 1.0773636850459531, 0.7087050642188512], [-0.5476105805004773, 0.5125963450221308, 0.025866834707911606], [-1.6509910207940397, 0.5860722706877242, -0.11176696670645862], [-0.3078417265873262, 1.1230844842507912, -0.12350962134419918], [-0.06722486490985279, 1.3931036749700318, 0.9680511194923215], [-1.4172956497772433, 1.1467800166885733, 0.04499006321573805], [-0.4774006512583499, -0.12194056355587184, 0.21960128626543582], [-0.7394166607840115, 1.0963607023538626, 1.34310471577616], [-1.7425237430032223, 1.7404156098928172, 1.1579318958149527], [-1.4895117635621251, 1.218999654191801, 1.089687117048116], [-0.9838182982841642, 1.535910125211669, -0.19877125576239843], [-1.0908239876609556, 0.08475396555047525, 0.14471468449078015]], "weight2": [[-0.30637330710518346, -0.005747478455956752, -0.19415711939055202, -0.3279082402114668, -0.011452093079754531, -0.5877714968987366, 0.34412004677530766, -0.19895689394858634, -0.2983228967521663, -0.5506739142406218, 0.05301496277537956, 0.535469844155064], [-0.40131016866282276, -0.0028157612510092346, 0.07686226978224257, -0.23991243532449813, 0.38938106584080373, -0.2572336012286661, 0.7281646138329463, 0.09377700361419362, -0.027225048268983438, -0.7067815463128312, 0.3742809647073134, 0.5817453185627309], [0.3616817980298828, 0.19242861716562604, -0.40236916993356037, -0.03753267459194041, -0.6753318004899926, -0.5515653676689652, -0.6494354960013308, -0.44827599109528254, -0.40622428513638903, 0.4832325799719537, -0.4991250610653441, 0.12571412518486938]]}