{"n": 4, "m": 4, "neurons": 3, "weight1": [[0.5553391930747144, 0.6712622990194188, -1.2836611764335983], [0.7907828720329918, 0.46130424354136607, 0.08829343225024588], [-0.006636201148073603, 0.3642095437935739, 0.4460954815432015], [-0.17712157122403774, 0.5247299304292715, -0.684987159767481], [0.02560521474509561, -0.6671945149286028, 0.5845534002823737], [-0.09973770845043758, -0.11746170956527052, -0.4022107226042965], [-0.21823047630323938, -0.8601437115210414, -0.0003641311650671754], [-0.5553230021598997, 0.3309449622800406, -0.6226416960844491], [-0.2949194792810243, -1.0649274272193812, 0.6930045756487208], [0.4110617132816918, 0.3782700171634016, 0.4813355471174175], [0.2750885905664404, -0.875959125258528, -0.8223785180257451], [-0.8069077439932963, -1.1510400480896898, 1.1868717950677596], [-0.7502809904404745, -0.5848259095674557, -0.2709864052841876], [-0.7710086822364495, -0.31691358154280935, -1.0198572102417836], [0.23934819017395248, -0.059937319447979906, 0.7786225852072327], [-0.19958150312881068, -1.044505657863351, -0.3230945217435783], [0.4870359703004046, -0.31483994871424603, 0.13623838281365985], [-1.2976263860702015, -1.1952724990269306, 0.6622021804744019], [0.4366117952740278, -1.197476260604791, 0.41202813766077406], [-0.36645993961641343, -0.22413204516142757, 0.6885719311963162], [0.5265886453835273, 0.3377021989579931, 0.8025723783511148], [-0.004395375212370875, 0.400786452362737, 0.44962123202982657], [0.3068856007991536, 0.1512907732846794, 0.7613437209085497], [-0.12544416931825728, -0.5398362494567365, 0.3031076429770137], [0.9154167869389208, 0.563735283747856, 0.36502881149421385], [-0.48919867259103433, 0.2476669341750925, 0.26863186476557027], [-0.6922148673737798, 0.08036699751620963, 0.4042348135500851], [-0.43977509785616686, 0.31344295276625206, 0.26945231452129503], [0.5795653301036302, 0.5045531280835678, -0.13982290561964075], [-1.0097546737584147, -0.2674613465911671, 0.05067228676725665], [-0.1413730599418081, -0.5147885837117298, -0.08931525480838227], [0.18518801023166692, 0.9698183643855686, -0.4191437969515038], [-0.3249643771316683, 0.20160751221012427, -0.27616541999183947], [-0.0451575053403177, -0.10464191725270197, -0.7394638636491019], [0.5600088554549981, -0.5603919620878848, 0.03110166079490194], [0.12711919874886868, 0.11904944019970937, -0.402746341819016], [-0.3465996199805988, 0.6966999759686197, 0.09614001133521989], [-0.9093778386681921, -0.604196657762026, 0.7035264687857324], [0.07747701134127907, -1.2200785403212608, 0.609217096141066], [0.6338584269966976, -0.34563941003159987, 0.3400164610810508], [-0.6577198458411304, 0.9494893940831822, 0.628540224775633], [-0.8821456355110757, -1.2651255330268345, -0.5005821368742631], [0.11837213249833986, -0.20975407930701384, 0.5827593723509332], [0.19922375756917907, 0.42415348215899784, 0.009572715283731166], [-0.11536314286694657, -0.8151910918695296, 0.5617827548164577], [-0.7867371431685461, 0.6495506309824877, 0.6062760635337215], [0.3280431298225035, -0.7553694634444709, -0.701738579607525], [-0.4275154274508243, -0.47671849295313257, 0.15689207205986008]], "weight2": [[0.5891270054484394, -0.298283989334613, -0.459324428665443, -0.24941242574656405, 0.3494789037927461, -0.14492155006071913, 0.2513035635357688, 0.4625880912765989, 0.4507243266619312, -0.24271826312399614, 0.42893922498547427, 0.08282026737064367, -0.12487493319663423, -0.3378193733450549, 0.23698041059121205, 0.41794881319805516, 0.47386451823886117, -0.4438405152844416, 0.061671374941588336, -0.5485480194947092, -0.32596667517728173, 0.29054681864553167, -0.28087017412080695, -0.03405954760792093, 0.15035149302984183, -0.24864692978299238, -0.2235618684037444, 0.14593842185808945, 0.18485655377653293, -0.598466624948793, -0.042351061000660585, -0.15311336553562163, 0.1076058791110075, 0.09734684907279208, 0.2383437119793702, -0.017672663026756383, 0.1047721456668119, 0.4171914759709136, 0.13743928050265058, 0.6053218416266894, 0.3657945916960079, -0.08301087033660581, 0.1852132535642945, 0.011590270186804431, 0.25691579501129164, -0.22648605351223816, -0.0880346575778603, -0.3966274905291659], [-0.3268154632250517, 0.15928899797280302, 0.24479705697274962, 0.1821655789807915, -0.23910601412435328, -0.18032469314036276, 0.0120754294461115, -0.25052257653439114, -0.5813451776248174, 0.21194128723624622, -0.3180814850144926, -0.24714472229243428, 0.14767395129144079, 0.34891396951979947, -0.30753147746561077, -0.2750461936563356, -0.3051931394741823, 0.1263660394023036, -0.08941204319096582, 0.4172953855293734, 0.27791571220742417, -0.20695602366962593, 0.19196851357433545, -0.13290934668828008, -0.1640013719186564, 0.17603353370416724, 0.058644478989661825, -0.22391697566428834, -0.0807838281596987, 0.24986756480351313, 0.03954009490748196, 0.17948654299688302, -0.0009593954953700681, -0.09771852110777929, -0.05948481675620993, 0.03703579549381823, -0.07098211941946958, -0.1867770104371623, -0.15732104652956466, -0.33460784048127357, -0.283483885891902, -0.03664608292911236, -0.02920651082354205, -0.1251781658853933, -0.380332667548843, 0.04937807257892703, -0.02595392250796669, 0.10169650393647717], [0.11531503858184176, -0.05974532970431618, 0.09926615477472675, 0.021284424547483787, 0.004232247261859886, -0.2012278684910174, 0.26641246907657357, 0.09859187015603661, -0.1920096050975213, 0.06731780217066183, -0.03098759275170485, -0.07394531651343664, 0.09537439823558706, 0.17128384478565553, -0.009468628187128812, 0.020298400904060022, 0.029858321954384343, -0.05500799870229386, -0.06435521752451862, 0.06288462339804216, 0.27715364565832834, -0.010086255908868821, 0.0024902152551156305, -0.024902593358931455, -0.0811626660038751, 0.009670919171080053, 0.06368113575915321, -0.1727539857966082, 0.06650835413238106, -0.02964882609802192, 0.0183239052281749, 0.10810287667875419, 0.302502906188055, -0.04288273482163569, 0.1493228600187282, 0.234257313348723, 0.007305145955958764, 0.14068741787290703, 0.1080081117595703, 0.11845864028651208, -0.047959828205095305, 0.06490617595886175, 0.1426765906490204, -0.16812322744838493, -0.0941084906997445, -0.14935948263823165, -0.12366923727561925, -0.044096068665202756]]}